Bitcoin,
Ethereum (ETH),
XRP (XRP),
Bitcoin Cash (BCH),
EOS (EOS),
Litecoin (LTC),
Stellar (XLM),
Cardano (ADA),
Tether (USDT),
IOTA (MIOTA),
TRON (TRX),
NEO (NEO),
Monero (XMR),
Dash (DASH),
Ethereum Classic (ETC),
NEM (XEM),
Binance Coin (BNB),
Tezos (XTZ),
VeChain (VEN),
OmiseGO (OMG),
Zcash (ZEC),
Qtum (QTUM),
Lisk (LSK),
Bytecoin (BCN),
Zilliqa (ZIL),
0x (ZRX),
ICON (ICX),
Ontology (ONT),
Bitcoin Gold (BTG),
Decred (DCR),
BitShares (BTS),
Aeternity (AE),
Maker (MKR),
Siacoin (SC),
DigiByte (DGB),
Steem (STEEM),
Verge (XVG),
Basic Attention Token (BAT),
Augur (REP),
Bitcoin Diamond (BCD),
Nano (NANO),
KuCoin Shares (KCS),
Bytom (BTM),
Pundi X (NPXS),
Dogecoin (DOGE),
Waves (WAVES),
Waltonchain (WTC),
Mixin (XIN),
Golem (GNT),
RChain (RHOC),
Populous (PPT),
Stratis (STRAT),
Status (SNT),
Wanchain (WAN),
Hshare (HSR),
Mithril (MITH),
DigixDAO (DGD),
IOST (IOST),
Bitcoin Private (BTCP),
Aion (AION),
Huobi Token (HT),
MaidSafeCoin (MAID),
Komodo (KMD),
GXChain (GXS),
Loopring (LRC),
Ardor (ARDR),
aelf (ELF),
Nebulas (NAS),
Ark (ARK),
MonaCoin (MONA),
ReddCoin (RDD),
Kyber Network (KNC),
FunFair (FUN),
Loom Network (LOOM),
Emercoin (EMC),
MOAC (MOAC),
Gas (GAS),
Power Ledger (POWR),
Cryptonex (CNX),
Dentacoin (DCN),
Kin (KIN),
WAX (WAX),
Bancor (BNT),
Ethos (ETHOS),
Dropil (DROP),
MCO (MCO),
PIVX (PIVX),
Nuls (NULS),
Veritaseum (VERI),
Decentraland (MANA),
CyberMiles (CMT),
Paypex (PAYX),
QASH (QASH),
Factom (FCT),
Polymath (POLY),
ZenCash (ZEN),
Elastos (ELA),
TenX (PAY),
ZCoin (XZC),
Nxt (NXT),
Noah Coin (NOAH),
Theta Token (THETA),
Enigma (ENG),
Gifto (GTO),
Cortex (CTXC),
TrueUSD (TUSD),
Electroneum (ETN),
Centrality (CENNZ),
SmartCash (SMART),
Byteball Bytes (GBYTE),
Substratum (SUB),
Syscoin (SYS),
Nexus (NXS),
Scry.info (DDD),
Storm (STORM),
Bibox Token (BIX),
Game.com (GTC),
WaykiChain (WICC),
ChainLink (LINK),
Skycoin (SKY),
Dragonchain (DRGN),
Matrix AI Network (MAN),
SALT (SALT),
ODEM (ODE),
High Performance Blockchain (HPB),
Revain (R),
Fusion (FSN),
Blocknet (BLOCK),
TokenPay (TPAY),
Civic (CVC),
Storj (STORJ),
Santiment Network Token (SAN),
iExec RLC (RLC),
SingularityNET (AGI),
CyberVein (CVT),
Iconomi (ICN),
BitcoinDark (BTCD),
MediShares (MDS),
Nucleus Vision (NCASH),
Dai (DAI),
Metaverse ETP (ETP),
Neblio (NEBL),
Nexo (NEXO),
DeepBrain Chain (DBC),
Holo (HOT),
TaTaTu (TTU),
SmartMesh (SMT),
Nexty (NTY),
Achain (ACT),
Particl (PART),
Bluzelle (BLZ),
Time New Bank (TNB),
BnkToTheFuture (BFT),
Request Network (REQ),
Enjin Coin (ENJ),
Gnosis (GNO),
Bottos (BTO),
Ignis (IGNIS),
Streamr DATAcoin (DATA),
Cindicator (CND),
Aragon (ANT),
Docademic (MTC),
THEKEY (TKY),
Ruff (RUFF),
Dynamic Trading Rights (DTR),
SONM (SNM),
Credits (CS),
Vertcoin (VTC),
Dent (DENT),
Quantstamp (QSP),
Safe Exchange Coin (SAFEX),
Groestlcoin (GRS),
Ambrosus (AMB),
Asch (XAS),
Arcblock (ABT),
Ubiq (UBQ),
True Chain (TRUE),
DEW (DEW),
SIRIN LABS Token (SRN),
Peercoin (PPC),
BOScoin (BOS),
PRIZM (PZM),
Storiqa (STQ),
Raiden Network Token (RDN),
Pillar (PLR),
Cube (AUTO),
Sakura Bloom (SKB),
DigitalNote (XDN),
All Sports (SOC),
Po.et (POE),
CRYPTO20 (C20),
Aston (ATX),
Bread (BRD),
POA Network (POA),
GoChain (GO),
EDUCare (EKT),
ZClassic (ZCL),
Bitcoin Interest (BCI),
Genaro Network (GNX),
BLOCKv (VEE),
Mainframe (MFT),
eosDAC (EOSDAC),
Trade Token (TIO),
Tokenomy (TEN),
Telcoin (TEL),
SophiaTX (SPHTX),
Selfkey (KEY),
Primecoin (XPM),
KickCoin (KICK),
Crypterium (CRPT),
Metal (MTL),
Nectar (NEC),
IHT Real Estate Protocol (IHT),
bitCNY (BITCNY),
Edgeless (EDG),
Odyssey (OCN),
Unobtanium (UNO),
BridgeCoin (BCO),
Electra (ECA),
GameCredits (GAME),
Genesis Vision (GVT),
DATA (DTA),
Apex (CPX),
IoTeX (IOTX),
LGO Exchange (LGO),
Endor Protocol (EDR),
Ink (INK),
ETHLend (LEND),
DAEX (DAX),
Red Pulse (RPX),
Rock (RKT),
AdEx (ADX),
WhiteCoin (XWC),
MinexCoin (MNX),
NKN (NKN),
BitBay (BAY),
Einsteinium (EMC2),
NavCoin (NAV),
Eidoo (EDO),
Stakenet (XSN),
OriginTrail (TRAC),
Burst (BURST),
Ternio (TERN),
QuarkChain (QKC),
Bitcore (BTX),
Hydro (HYDRO),
TokenCard (TKN),
UTRUST (UTK),
Internet Node Token (INT),
IoT Chain (ITC),
Viacoin (VIA),
Distributed Credit Chain (DCC),
NANJCOIN (NANJ),
Jibrel Network (JNT),
Gulden (NLG),
Litecoin Cash (LCC),
Tao (XTO),
SwftCoin (SWFTC),
SpankChain (SPANK),
LoyalCoin (LYL),
SaluS (SLS),
OST (OST),
ATN (ATN),
Wagerr (WGR),
PCHAIN (PAI),
Delphy (DPY),
Quantum Resistant Ledger (QRL),
AirSwap (AST),
SingularDTV (SNGLS),
Eximchain (EXC),
Hydro Protocol (HOT),
Universa (UTNP),
Cryptaur (CPT),
Ripio Credit Network (RCN),
district0x (DNT),
Aeon (AEON),
TomoChain (TOMO),
FairCoin (FAIR),
Republic Protocol (REN),
Namecoin (NMC),
MobileGo (MGO),
BABB (BAX),
APIS (APIS),
Cobinhood (COB),
Covesting (COV),
AppCoins (APPC),
Credo (CREDO),
Lympo (LYM),
PayPie (PPP),
FuzeX (FXT),
BitRent (RNTB),
Mothership (MSP),
Counterparty (XCP),
0chain (ZCN),
ION (ION),
CPChain (CPC),
GINcoin (GIN),
Aurora DAO (AURA),
Ravencoin (RVN),
Modum (MOD),
CloakCoin (CLOAK),
Mobius (MOBI),
OneRoot Network (RNT),
ugChain (UGC),
WePower (WPR),
Linda (LINDA),
LBRY Credits (LBC),
Tierion (TNT),
YEE (YEE),
MediBloc [QRC20] (MED),
Spectre.ai Dividend Token (SXDT),
Presearch (PRE),
Wings (WINGS),
Steem Dollars (SBD),
Zeepin (ZPT),
INS Ecosystem (INS),
MARK.SPACE (MRK),
Feathercoin (FTC),
Maecenas (ART),
Havven (HAV),
TokenClub (TCT),
NAGA (NGC),
PACcoin ($PAC),
Etherparty (FUEL),
Phore (PHR),
Dock (DOCK),
Lunyr (LUN),
Stox (STX),
Soarcoin (SOAR),
MediBloc [ERC20] (MEDX),
Banca (BANCA),
OracleChain (OCT),
Decision Token (HST),
WaBi (WABI),
HTMLCOIN (HTML),
Zebi (ZCO),
United Traders Token (UTT),
Blox (CDT),
IXT (IXT),
TrustNote (TTT),
DATx (DATX),
Ivy (IVY),
LEOcoin (LEO),
Datum (DAT),
Hive Project (HVN),
DECENT (DCT),
Experience Points (XP),
VIBE (VIBE),
TaaS (TAAS),
YOYOW (YOYOW),
Bankex (BKX),
Peerplays (PPY),
CasinoCoin (CSC),
TE-FOOD (TFD),
Melon (MLN),
Envion (EVN),
XinFin Network (XDCE),
CEEK VR (CEEK),
Sentinel (SENT),
Bezant (BZNT),
Cashaa (CAS),
Pura (PURA),
Blackmoon (BMC),
FirstBlood (1ST),
Swarm (SWM),
Humaniq (HMQ),
ECC (ECC),
Primas (PST),
HempCoin (THC),
QLINK (QLC),
Viberate (VIB),
DecentBet (DBET),
XTRABYTES (XBY),
CashBet Coin (CBC),
LinkEye (LET),
U Network (UUU),
Fortuna (FOTA),
BrahmaOS (BRM),
BlockMason Credit Protocol (BCPT),
Pepe Cash (PEPECASH),
Elastic (XEL),
XMax (XMX),
AICHAIN (AIT),
bitUSD (BITUSD),
Polybius (PLBT),
Mercury (MER),
Rialto (XRL),
Oyster (PRL),
Shift (SHIFT),
Electrify.Asia (ELEC),
SHIELD (XSH),
Unikoin Gold (UKG),
Triggers (TRIG),
QunQun (QUN),
Qbao (QBT),
Zeusshield (ZSC),
Synereo (AMP),
Neumark (NEU),
Karma (KRM),
COSS (COSS),
SelfSell (SSC),
Ormeus Coin (ORME),
PotCoin (POT),
Bismuth (BIS),
Cofound.it (CFI),
Quantum (QAU),
ColossusXT (COLX),
Constellation (DAG),
Smartlands (SLT),
Everex (EVX),
STK (STK),
Boolberry (BBR),
Bloom (BLT),
Medicalchain (MTN),
DeepOnion (ONION),
Incent (INCNT),
Rate3 (RTE),
Propy (PRO),
Olympus Labs (MOT),
ProChain (PRA),
Moeda Loyalty Points (MDA),
Pascal Coin (PASC),
SureRemit (RMT),
GridCoin (GRC),
SpaceChain (SPC),
Neurotoken (NTK),
RevolutionVR (RVR),
Crowd Machine (CMCT),
DADI (DADI),
Numeraire (NMR),
MedicCoin (MEDIC),
Merculet (MVP),
Bitcoin Green (BITG),
LATOKEN (LA),
Chronobank (TIME),
BlackCoin (BLK),
Bodhi (BOT),
LUXCoin (LUX),
Diamond (DMD),
XYO Network (XYO),
AI Doctor (AIDOC),
VeriCoin (VRC),
Restart Energy MWAT (MWAT),
Trinity Network Credit (TNC),
Datawallet (DXT),
E-Dinar Coin (EDR),
Oxycoin (OXY),
DeviantCoin (DEV),
Lamden (TAU),
MonetaryUnit (MUE),
Alphacat (ACAT),
SunContract (SNC),
NewYorkCoin (NYC),
adToken (ADT),
Databits (DTB),
AurumCoin (AU),
Clams (CLAM),
Uquid Coin (UQC),
Bean Cash (BITB),
Expanse (EXP),
Switcheo (SWTH),
Monetha (MTH),
LockTrip (LOC),
Radium (RADS),
Blocktix (TIX),
carVertical (CV),
DIMCOIN (DIM),
Callisto Network (CLO),
Bitcoin Atom (BCA),
OAX (OAX),
StrongHands (SHND),
Refereum (RFR),
Mooncoin (MOON),
CoinPoker (CHP),
DMarket (DMT),
Dimecoin (DIME),
Sumokoin (SUMO),
Smartshare (SSP),
Aeron (ARN),
Matchpool (GUP),
Nework (NKC),
Silent Notary (SNTR),
Crown (CRW),
ALQO (ALQO),
Flash (FLASH),
NoLimitCoin (NLC2),
SIBCoin (SIB),
Etheroll (DICE),
I/O Coin (IOC),
Hi Mutual Society (HMC),
Banyan Network (BBN),
SwissBorg (CHSB),
The ChampCoin (TCC),
ALAX (ALX),
Bulwark (BWK),
BetterBetting (BETR),
Proxeus (XES),
DNotes (NOTE),
Measurable Data Token (MDT),
Remme (REM),
Phantasma (SOUL),
SolarCoin (SLR),
LIFE (LIFE),
The Abyss (ABYSS),
Agrello (DLT),
Blockport (BPT),
CVCoin (CVCOIN),
DubaiCoin (DBIX),
Energo (TSL),
Paragon (PRG),
Global Currency Reserve (GCR),
Gems  (GEM),
Divi (DIVX),
Omni (OMNI),
Russian Miner Coin (RMC),
ZrCoin (ZRC),
NeosCoin (NEOS),
PikcioChain (PKC),
Dynamic (DYN),
Hexx (HXX),
Patron (PAT),
Hacken (HKN),
Elixir (ELIX),
UpToken (UP),
EchoLink (EKO),
NaPoleonX (NPX),
ATMChain (ATM),
Cappasity (CAPP),
Nebula AI (NBAI),
Friendz (FDZ),
Aphelion (APH),
Hurify (HUR),
Mossland (MOC),
Sprouts (SPRTS),
Fluz Fluz (FLUZ),
SRCOIN (SRCOIN),
Myriad (XMY),
HeroNode (HER),
DomRaider (DRT),
EnergiToken (ETK),
DAOstack (GEN),
Novacoin (NVC),
PolicyPal Network (PAL),
REBL (REBL),
FlorinCoin (FLO),
AdHive (ADH),
InsurePal (IPL),
Rentberry (BERRY),
Zap (ZAP),
Rivetz (RVT),
ShipChain (SHIP),
MUSE (MUSE),
Origin Sport (ORS),
indaHash (IDH),
BitDice (CSNO),
Loki (LOKI),
Effect.AI (EFX),
Faceter (FACE),
RED (RED),
ICOS (ICOS),
OKCash (OK),
Xaurum (XAUR),
Gambit (GAM),
Stealth (XST),
Curecoin (CURE),
Fidelium (FID),
Bezop (BEZ),
Musicoin (MUSIC),
PolySwarm (NCT),
LoMoCoin (LMC),
InvestFeed (IFT),
GET Protocol (GET),
Leverj (LEV),
Nexium (NXC),
EXRNchain (EXRN),
Unibright (UBT),
Change (CAG),
aXpire (AXP),
Eroscoin (ERO),
Aventus (AVT),
Digitex Futures (DGTX),
FoldingCoin (FLDC),
Sequence (SEQ),
Debitum (DEB),
Spectrecoin (XSPEC),
Graft (GRFT),
Golos (GOLOS),
Matryx (MTX),
Swarm City (SWT),
BitSend (BSD),
Sharder (SS),
BitDegree (BDG),
CargoX (CXO),
IDEX Membership (IDXM),
Shivom (OMX),
Mintcoin (MINT),
LatiumX (LATX),
PinkCoin (PINK),
Waves Community Token (WCT),
AirToken (AIR),
Bounty0x (BNTY),
ShareX (SEXC),
Playkey (PKT),
B2BX (B2B),
Clipper Coin (CCCX),
Pirl (PIRL),
AidCoin (AID),
Bitcrystals (BCY),
Dotcoin (DOT),
Nimiq Exchange Token (NET),
BitTube (TUBE),
Patientory (PTOY),
Solaris (XLR),
Mysterium (MYST),
Dovu (DOVU),
Travelflex (TRF),
CFun (CFUN),
Pandacoin (PND),
CanYaCoin (CAN),
Energycoin (ENRG),
BitClave (CAT),
Helbiz (HBZ),
BitConnect (BCC),
Everus (EVR),
TrueFlip (TFL),
ClearPoll (POLL),
LALA World (LALA),
Hubii Network (HBT),
MaxCoin (MAX),
Primalbase Token (PBT),
Pareto Network (PARETO),
Sentinel Chain (SENC),
Snovio (SNOV),
XPA (XPA),
NPER (NPER),
MktCoin (MLM),
Zilla (ZLA),
adbank (ADB),
EncrypGen (DNA),
CHIPS (CHIPS),
Polis (POLIS),
HEAT (HEAT),
Colu Local Network (CLN),
Masari (MSR),
Profile Utility Token (PUT),
Privatix (PRIX),
Morpheus Labs (MITX),
Experty (EXY),
JET8 (J8T),
DAO.Casino (BET),
1World (1WO),
CoinFi (COFI),
WeTrust (TRST),
GoByte (GBX),
Ink Protocol (XNK),
Linker Coin (LNC),
Global Cryptocurrency (GCC),
Bee Token (BEE),
CommerceBlock (CBT),
Circuits of Value (COVAL),
OBITS (OBITS),
Local World Forwarders (LWF),
Flixxo (FLIXX),
Auroracoin (AUR),
ToaCoin (TOA),
BitcoinZ (BTCZ),
ATBCoin (ATB),
VeriME (VME),
Lendingblock (LND),
HollyWoodCoin (HWC),
Zippie (ZIPT),
Travala (AVA),
Payfair (PFR),
Devery (EVE),
Espers (ESP),
Anoncoin (ANC),
MyBit Token (MYB),
Syndicate (SYNX),
Leadcoin (LDC),
Gladius Token (GLA),
Sether (SETH),
Pesetacoin (PTC),
ArtByte (ABY),
Peculium (PCL),
BitStation (BSTN),
Stipend (SPD),
Kore (KORE),
Bitcoin Plus (XBC),
Thrive Token (THRT),
Sharechain (SSS),
Blue Protocol (BLUE),
2GIVE (2GIVE),
Bela (BELA),
Block Array (ARY),
Dashcoin (DSH),
HOQU (HQX),
Spectiv (SIG),
Sharpe Platform Token (SHP),
Universal Currency (UNIT),
Yocoin (YOC),
Spectre.ai Utility Token (SXUT),
Vice Industry Token (VIT),
AdShares (ADST),
Insights Network (INSTAR),
Dether (DTH),
0xBitcoin (0xBTC),
FidentiaX (FDX),
SpreadCoin (SPR),
Altcoin (ALT),
GoldCoin (GLD),
Haven Protocol (XHV),
Internxt (INXT),
Internet of People (IOP),
BuzzCoin (BUZZ),
Hackspace Capital (HAC),
Worldcore (WRC),
Tokes (TKS),
Cryptopay (CPAY),
Indorse Token (IND),
Zoin (ZOI),
IP Exchange (IPSX),
Vezt (VZT),
vSlice (VSL),
GeoCoin (GEO),
EZToken (EZT),
Publica (PBL),
Social Send (SEND),
NuBits (USNBT),
APR Coin (APR),
Atmos (ATMOS),
Zephyr (ZEPH),
EuropeCoin (ERC),
Neutron (NTRN),
Sphere (SPHR),
SportyCo (SPF),
HelloGold (HGT),
Auctus (AUC),
Education Ecosystem (LEDU),
Breakout Stake (BRX),
CryptoCarbon (CCRB),
Rupaya (RUPX),
DopeCoin (DOPE),
Bullion (CBX),
FLIP (FLP),
Riecoin (RIC),
Upfiring (UFR),
Qwark (QWARK),
Capricoin (CPC),
FedoraCoin (TIPS),
TransferCoin (TX),
Oyster Shell (SHL),
ATLANT (ATL),
Terracoin (TRC),
FintruX Network (FTX),
Carboncoin (CARBON),
Memetic / PepeCoin (MEME),
VeriumReserve (VRM),
eBoost (EBST),
COPYTRACK (CPY),
Karbo (KRB),
Utrum (OOT),
Gatcoin (GAT),
BioCoin (BIO),
Aditus (ADI),
Paymon (PMNT),
Tokia (TKA),
ExclusiveCoin (EXCL),
LOCIcoin (LOCI),
Voise (VOISE),
Maverick Chain (MVC),
Dero (DERO),
Guaranteed Ethurance Token Extra (GETX),
HiCoin (XHI),
Naviaddress (NAVI),
HEROcoin (PLAY),
Open Trading Network (OTN),
Sexcoin (SXC),
CampusCoin (CMPCO),
Elite (1337),
Coinlancer (CL),
Aigang (AIX),
Iungo (ING),
CannabisCoin (CANN),
AMLT (AMLT),
B3Coin (KB3),
MyWish (WISH),
BiblePay (BBP),
FORCE (FOR),
HyperStake (HYP),
Viuly (VIU),
FundRequest (FND),
Denarius (DNR),
Lampix (PIX),
Bonpay (BON),
KanadeCoin (KNDC),
Darcrus (DAR),
Uniform Fiscal Object (UFO),
Forty Seven Bank (FSBT),
Parkgene (GENE),
Crave (CRAVE),
Chainium (CHX),
Hush (HUSH),
CryptoPing (PING),
onG.social (ONG),
Xenon (XNN),
Breakout (BRK),
Bigbom (BBO),
Sugar Exchange (SGR),
Digitalcoin (DGC),
XGOX (XGOX),
Ergo (EFYT),
SyncFab (MFG),
On.Live (ONL),
Vsync (VSX),
Daneel (DAN),
MicroMoney (AMM),
Bob's Repair (BOB),
WeAreSatoshi (WSX),
Autonio (NIO),
BlitzPredict (XBP),
Ace (ACE),
PutinCoin (PUT),
eBitcoin (EBTC),
HunterCoin (HUC),
Amon (AMN),
Stellar Holdings (HOLD),
I0Coin (I0C),
Pylon Network (PYLNT),
BoutsPro (BOUTS),
GCN Coin (GCN),
StarterCoin (STAC),
SkinCoin (SKIN),
Hat.Exchange (HAT),
Nullex (NLX),
Fabric Token (FT),
BunnyCoin (BUN),
BitWhite (BTW),
Galactrum (ORE),
SnowGem (XSG),
808Coin (808),
LiteDoge (LDOGE),
Creditbit (CRB),
IntenseCoin (ITNS),
Creativecoin (CREA),
PlatinumBAR (XPTX),
Stellite (XTL),
TrustPlus (TRUST),
Invacio (INV),
Verify (CRED),
TokenStars (TEAM),
Magi (XMG),
Zero (ZER),
FantasyGold (FGC),
DigitalPrice (DP),
Monoeci (XMCC),
Miners' Reward Token (MRT),
Bitswift (BITS),
DraftCoin (DFT),
Condensate (RAIN),
Live Stars (LIVE),
OP Coin (OPC),
Machinecoin (MAC),
TrezarCoin (TZC),
Obsidian (ODN),
Adzcoin (ADZ),
Tigereum (TIG),
EtherSportz (ESZ),
Blocklancer (LNC),
GoldMint (MNTP),
Earth Token (EARTH),
MAZA (MAZA),
NEVERDIE (NDC),
Megacoin (MEC),
STRAKS (STAK),
Soma (SCT),
Dinastycoin (DCY),
Magnet (MAG),
vTorrent (VTR),
BriaCoin (BRIA),
PeepCoin (PCN),
Bitmark (BTM),
Vulcano (VULC),
CryCash (CRC),
Signals Network (SGN),
Deutsche eMark (DEM),
VIVO (VIVO),
FirstCoin (FRST),
Ellaism (ELLA),
Embers (MBRS),
UnbreakableCoin (UNB),
Kolion (KLN),
InflationCoin (IFLT),
bitJob (STU),
Elcoin (EL),
Jesus Coin (JC),
MCAP (MCAP),
Suretly (SUR),
EBCH (EBCH),
Ignition (IC),
Linx (LINX),
RouletteToken (RLT),
Emphy (EPY),
Digital Money Bits (DMB),
ELTCOIN (ELTCOIN),
Origami (ORI),
United Crypto Community (UCOM),
Bata (BTA),
Biotron (BTRN),
Bitdeal (BDL),
Cryptonite (XCN),
FundYourselfNow (FYN),
More Coin (MORE),
DeusCoin (DEUS),
FlutterCoin (FLT),
Happycoin (HPC),
ZINC (ZINC),
Datarius Credit (DTRC),
BigUp (BIGUP),
Oceanlab (OCL),
Bitsum (BSM),
TokenDesk (TDS),
Intelligent Trading Foundation (ITT),
WhaleCoin (WHL),
Nitro (NOX),
Innova (INN),
Zetacoin (ZET),
Veros (VRS),
SagaCoin (SAGA),
TrumpCoin (TRUMP),
Plancoin (PLAN),
Mao Zedong (MAO),
Jetcoin (JET),
Transcodium (TNS),
Crowdholding (YUP),
Sparks (SPK),
AquariusCoin (ARCO),
iEthereum (IETH),
Centurion (CNT),
ArbitrageCT (ARCT),
ProCurrency (PROC),
Kubera Coin (KBR),
Netko (NETKO),
Qbic (QBIC),
Zilbercoin (ZBC),
Cream (CRM),
Litecoin Plus (LCP),
PostCoin (POST),
Pure (PURE),
Crystal Clear  (CCT),
EagleCoin (EAGLE),
Senderon (SDRN),
CryptoInsight (TKR),
CrowdCoin (CRC),
Octoin Coin (OCC),
Cryptojacks (CJ),
PureVidz (VIDZ),
bitEUR (BITEUR),
Garlicoin (GRLC),
BERNcash (BERN),
StarCash Network (STARS),
Harvest Masternode Coin (HC),
C-Bit (XCT),
Influxcoin (INFX),
Coin(O) (CNO),
X-Coin (XCO),
Fujinto (NTO),
Polcoin (PLC),
BumbaCoin (BUMBA),
Solarflarecoin (SFC),
ChanCoin (CHAN),
Ethereum Dark (ETHD),
Master Swiscoin (MSCN),
Neuro (NRO),
Tokugawa (TOK),
Steneum Coin (STN),
Escroco (ESC),
SOILcoin (SOIL),
Desire (DSR),
Peerguess (GUESS),
PayCon (CON),
Wild Beast Block (WBB),
LiteBitcoin (LBTC),
GeyserCoin (GSR),
Coinonat (CXT),
Cannation (CNNC),
WomenCoin (WOMEN),
LevoPlus (LVPS),
HarmonyCoin (HMC),
Tristar Coin (TSTR),
Lykke (LKK),
Grid+ (GRID),
Sense (SENSE),
bitqy (BQ),
KiloCoin (KLC),
Rubycoin (RBY),
Rise (RISE),
U.CASH (UCASH),
Ecobit (ECOB),
APX (APX),
Morpheus Network (MORPH),
Target Coin (TGT),
AsiaCoin (AC),
REAL (REAL),
Pluton (PLU),
Hedge (HDG),
Monkey Project (MONK),
EncryptoTel [WAVES] (ETT),
Astro (ASTRO),
Starta (STA),
Goodomy (GOOD),
Ties.DB (TIE),
ALIS (ALIS),
Sociall (SCL),
imbrex (REX),
Zeitcoin (ZEIT),
Digix Gold Token (DGX),
Opus (OPT),
TrakInvest (TRAK),
Ethorse (HORSE),
Mercury Protocol (GMT),
BlockCAT (CAT),
PoSW Coin (POSW),
Quark (QRK),
FlypMe (FYP),
Blockpool (BPL),
TeslaCoin (TES),
Fantomcoin (FCN),
Cashcoin (CASH),
Starbase (STAR),
Bitcloud (BTDX),
RussiaCoin (RC),
Ethbits (ETBS),
Ixcoin (IXC),
E-coin (ECN),
e-Gulden (EFL),
EventChain (EVC),
Tracto (TRCT),
AudioCoin (ADC),
Tokenbox (TBX),
BlueCoin (BLU),
RefToken (REF),
EverGreenCoin (EGC),
Version (V),
ChainCoin (CHC),
PHI Token (PHI),
Chronologic (DAY),
Monster Byte (MBI),
Argentum (ARG),
42-coin (42),
DigiPulse (DGPT),
Kobocoin (KOBO),
Farad (FRD),
Sovereign Hero (HERO),
NobleCoin (NOBL),
Woodcoin (LOG),
WorldCoin (WDC),
KekCoin (KEK),
Photon (PHO),
Bytecent (BYC),
Commodity Ad Network (CDX),
Canada eCoin (CDN),
HireMatch (HIRE),
Universe (UNI),
IncaKoin (NKA),
Bowhead (AHT),
Tidex Token (TDX),
MagicCoin (MAGE),
Speed Mining Service (SMS),
WandX (WAND),
NuShares (NSR),
ConnectJob (CJT),
Orbitcoin (ORB),
Unitus (UIS),
Cazcoin (CAZ),
Etheriya (RIYA),
Masternodecoin (MTNC),
Dix Asset (DIX),
EquiTrader (EQT),
InPay (INPAY),
Bitzeny (ZNY),
MetalCoin (METAL),
Musiconomi (MCI),
Motocoin (MOTO),
Manna (MANNA),
The Cypherfunks (FUNK),
UniCoin (UNIC),
MarteXcoin (MXT),
Renos (RNS),
Growers International (GRWI),
SmileyCoin (SMLY),
Authorship (ATS),
Onix (ONX),
Shekel (JEW),
PopularCoin (POP),
Moin (MOIN),
Ethereum Movie Venture (EMV),
Advanced Technology Coin (ARC),
Tattoocoin (Standard Edition) (TSE),
Trollcoin (TROLL),
FLiK (FLIK),
NetCoin (NET),
StarCredits (STRC),
Zennies (ZENI),
InsaneCoin (INSN),
Synergy (SNRG),
DCORP Utility (DRPU),
Wild Crypto (WILD),
HoboNickels (HBN),
BTCtalkcoin (TALK),
Numus (NMS),
PetroDollar (XPD),
FujiCoin (FJC),
Unify (UNIFY),
bitSilver (BITSILVER),
Opal (OPAL),
Bitradio (BRO),
QubitCoin (Q2C),
Fantasy Cash (FANS),
Qvolta (QVT),
Equal (EQL),
Phoenixcoin (PXC),
Startcoin (START),
SuperCoin (SUPER),
Advanced Internet Blocks (AIB),
BelugaPay (BBI),
bitBTC (BITBTC),
LanaCoin (LANA),
Piggycoin (PIGGY),
Ultimate Secure Cash (USC),
Skeincoin (SKC),
Triangles (TRI),
Elementrem (ELE),
Halcyon (HAL),
BitBar (BTB),
Billionaire Token (XBL),
Fastcoin (FST),
Truckcoin (TRK),
TittieCoin (TTC),
iTicoin (ITI),
ICO OpenLedger (ICOO),
Bitstar (BITS),
Regalcoin (REC),
Accelerator Network (ACC),
Bitcoin Scrypt (BTCS),
Joulecoin (XJO),
EthBet (EBET),
Bit20 (BTWTY),
Guncoin (GUN),
TagCoin (TAG),
Ethereum Cash (ECASH),
Blakecoin (BLC),
Aricoin (ARI),
PayCoin (XPY),
bitGold (BITGOLD),
Minereum (MNE),
Bitair (BTCA),
Rimbit (RBT),
GlobalBoost-Y (BSTY),
HOdlcoin (HODL),
Evil Coin (EVIL),
Prototanium (PR),
BritCoin (BRIT),
PiplCoin (PIPL),
Golfcoin (GOLF),
Tigercoin (TGC),
Bitgem (BTG),
Leviar (XLC),
Ammo Reloaded (AMMO),
Network Token (NTWK),
GreenMed (GRMD),
Bitcurrency (BTCR),
MojoCoin (MOJO),
Nyancoin (NYAN),
Philosopher Stones (PHS),
Kurrent (KURT),
Sterlingcoin (SLG),
VoteCoin (VOT),
KushCoin (KUSH),
ChessCoin (CHESS),
Emerald Crypto (EMD),
WCOIN (WIN),
BlazeCoin (BLZ),
Bitcoin Red (BTCRED),
IrishCoin (IRL),
DaxxCoin (DAXX),
Titcoin (TIT),
AdCoin (ACC),
SmartCoin (SMC),
Freicoin (FRC),
Rubies (RBIES),
Marscoin (MARS),
TEKcoin (TEK),
Mineum (MNM),
Gapcoin (GAP),
Atomic Coin (ATOM),
Signatum (SIGT),
CarTaxi Token (CTX),
LiteBar (LTB),
iCoin (ICN),
TOKYO (TOKC),
CannaCoin (CCN),
IslaCoin (ISL),
GlobalCoin (GLC),
ZoZoCoin (ZZC),
Ethereum Gold (ETG),
LeaCoin (LEA),
UltraCoin (UTC),
Ratecoin (XRA),
ParallelCoin (DUO),
DigiCube (CUBE),
Impact (IMX),
WavesGo (WGO),
Helleniccoin (HNC),
SpaceCoin (SPACE),
DROXNE (DRXNE),
Joincoin (J),
Pakcoin (PAK),
Datacoin (DTC),
Octanox (OTX),
Eternity (ENT),
300 Token (300),
GoldBlocks (GB),
8Bit (8BIT),
Coin2.1 (C2),
GlobalToken (GLT),
OctoCoin (888),
NevaCoin (NEVA),
Ccore (CCO),
Bitcoin Fast (BCF),
RevolverCoin (XRE),
Swing (SWING),
Grimcoin (GRIM),
Pascal Lite (PASL),
CoinonatX (XCXT),
MustangCoin (MST),
Bitcoin 21 (XBTC21),
SecretCoin (SCRT),
Dollarcoin (DLC),
Sativacoin (STV),
Darsek (KED),
Bolivarcoin (BOLI),
Zurcoin (ZUR),
Crypto (CTO),
ParkByte (PKB),
Safe Trade Coin (XSTC),
MACRON (MCRN),
Jin Coin (JIN),
Quatloo (QTL),
Debitcoin (DBTC),
Acoin (ACOIN),
Eurocoin (EUC),
DigitalDevelopersFund (DDF),
SecureCoin (SRC),
High Voltage (HVCO),
Bank Coin (BANK),
Catcoin (CAT),
Granite (GRN),
TajCoin (TAJ),
Shadow Token (SHDW),
Prime-XI (PXI),
YENTEN (YTN),
Global Tour Coin (GTC),
Quebecoin (QBC),
AllSafe (ASAFE2),
EcoCoin (ECO),
BoostCoin (BOST),
SpeedCash (SCS),
Dalecoin (DALC),
RonPaulCoin (RPC),
BOAT (BOAT),
Money ($$$),
SixEleven (611),
Allion (ALL),
RedCoin (RED),
BitQuark (BTQ),
Bankcoin (B@),
Eryllium (ERY),
Virtacoin (VTA),
Theresa May Coin (MAY),
Fitrova (FRV),
Digital Rupees (DRS),
Nekonium (NUKO),
Mincoin (MNC),
Visio (VISIO),
Elysium (ELS),
HomeBlockCoin (HBC),
ICOBID (ICOB),
Bitcoin Planet (BTPL),
GoldPieces (GP),
Beatcoin (XBTS),
Trident Group (TRDT),
Dreamcoin (DRM),
SoonCoin (SOON),
Useless Ethereum Token (UET),
Comet (CMT),
AmsterdamCoin (AMS),
VapersCoin (VPRC),
Roofs (ROOFS),
CacheCoin (CACH),
FUNCoin (FUNC),
Californium (CF),
CompuCoin (CPN),
Honey (HONEY),
BipCoin (BIP),
BROTHER (BRAT),
SongCoin (SONG),
BitCoal (COAL),
Creatio (XCRE),
BenjiRolls (BENJI),
Veltor (VLT),
Flaxscript (FLAX),
FuzzBalls (FUZZ),
Gold Pressed Latinum (GPL),
ZetaMicron (ZMC),
Independent Money System (IMS),
GuccioneCoin (GCC),
Phantomx (PNX),
HealthyWormCoin (WORM),
VectorAI (VEC2),
Litecred (LTCR),
PoSToken (POS),
Virta Unique Coin (VUC),
Zayedcoin (ZYD),
Asiadigicoin (ADCN),
JobsCoin (JOBS),
BnrtxCoin (BNX),
Credence Coin (CRDNC),
ExchangeN (EXN),
Marijuanacoin (MAR),
PIECoin (PIE),
Iconic (ICON),
Pioneer Coin (PCOIN),
Luna Coin (LUNA),
LetItRide (LIR),
Kronecoin (KRONE),
Cabbage (CAB),
GeertCoin (GEERT),
PLNcoin (PLNC),
Slevin (SLEVIN),
MiloCoin (MILO),
PlayerCoin (PLACO),
ARbit (ARB),
PonziCoin (PONZI),
KingN Coin (KNC),
Bolenum (BLN),
BitAsean (BAS),
PosEx (PEX),
LiteCoin Ultra (LTCU),
Save and Gain (SANDG),
BowsCoin (BSC),
GlassCoin (GLS),
PRCoin (PRC),
Bitvolt (VOLT),
Royal Kingdom Coin (RKC),
Argus (ARGUS),
SocialCoin (SOCC),
JavaScript Token (JS),
AnarchistsPrime (ACP),
Coupecoin (COUPE),
Dollar Online (DOLLAR),
iBank (IBANK),
Coimatic 2.0 (CTIC2),
Rawcoin (XRC),
Interzone (ITZ),
Concoin (CONX),
Coimatic 3.0 (CTIC3),
CrevaCoin (CREVA),
Artex Coin (ATX),
Project-X (NANOX),
Magnum (MGM),
Ulatech (ULA),
Vault Coin (VLTC),
POLY AI (AI),
Coni (CONI),
CK USD (CKUSD),
Project Pai (PAI),
Infinity Economics (XIN),
Bit-Z Token (BZ),
DaTa eXchange (DTX),
InvestDigital (IDT),
ZIP (ZIP),
OneLedger (OLT),
GoNetwork (GOT),
RealChain (RCT),
Kcash (KCASH),
Penta (PNT),
Intelligent Investment Chain (IIC),
Content Neutrality Network (CNN),
Libra Credit (LBA),
EduCoin (EDU),
Content and AD Network (CAN),
HashCoin (HSC),
Super Bitcoin (SBTC),
Tripio (TRIO),
Wowbit (WWB),
OFCOIN (OF),
Seele (SEELE),
CoinMeet (MEET),
Sentinel Protocol (UPP),
DWS (DWS),
0xcert (ZXC),
Dignity (DIG),
UnlimitedIP (UIP),
Skrumble Network (SKM),
BitcoinX (BCX),
Molecular Future (MOF),
Super Game Chain (SGCC),
LightChain (LIGHT),
Lightning Bitcoin (LBTC),
Acute Angle Cloud (AAC),
Dorado (DOR),
Global Social Chain (GSC),
Freyrchain (FREC),
HalalChain (HLC),
Cardstack (CARD),
TraDove B2BCoin (BBC),
Show (SHOW),
Open Platform (OPEN),
Filecoin [Futures] (FIL),
SEER (SEER),
Egretia (EGT),
Electronic PK Chain (EPC),
BitMart Token (BMX),
Cybereits (CRE),
POPCHAIN (PCH),
MyToken (MT),
Everipedia (IQ),
Atonomi (ATMI),
United Bitcoin (UBTC),
StarChain (STC),
Influence Chain (INC),
InsurChain (INSUR),
Karatgold Coin (KBC),
TopChain (TOPC),
CarBlock (CAR),
Read (READ),
ChatCoin (CHAT),
FansTime (FTI),
Saifu (SFU),
ValueChain (VLC),
AWARE (AT),
EJOY (EJOY),
Exchange Union (XUC),
Level Up Coin (LUC),
DigiFinexToken (DFT),
Aidos Kuneen (ADK),
Aurora (AOA),
Engine (EGCC),
BeeKan (BKBT),
FuturoCoin (FTO),
TRAXIA (TMT),
FairGame (FAIR),
ContractNet (CNET),
Dragon Coins (DRG),
Trittium (TRTT),
OceanChain (OC),
Rublix (RBLX),
Maggie (MAG),
StarCoin (KST),
nUSD (NUSD),
StockChain (SCC),
KEY (KEY),
Rhenium (XRH),
OTCBTC Token (OTB),
Loopring [NEO] (LRN),
WINCOIN (WC),
Etherecash (ECH),
Bankera (BNK),
Metronome (MET),
Essentia (ESS),
SPINDLE (SPD),
LikeCoin (LIKE),
WETH (WETH),
PressOne (PRS),
iQuant (IQT),
DasCoin (DASC),
STEX (STEX),
Pixie Coin (PXC),
REPO (REPO),
Couchain (COU),
Fargocoin (FRGC),
IPChain (IPC),
SalPay (SAL),
Sphre AIR  (XID),
ERC20 (ERC20),
Jiyo (JIYO),
Bittwatt (BWT),
SegWit2x (B2X),
Qube (QUBE),
Jingtum Tech (SWTC),
Consensus (SEN),
Monero Classic (XMC),
AC3 (AC3),
COMSA [ETH] (CMS),
BlockMesh (BMH),
Infinitecoin (IFC),
COMSA [XEM] (CMS),
Bitcoin God (GOD),
MSD (MSD),
Candy (CANDY),
SnipCoin (SNIP),
ClubCoin (CLUB),
Vipstar Coin (VIPS),
BlockCDN (BCDN),
Golos Gold (GBG),
Powercoin (PWR),
Bodhi [ETH] (BOE),
GameChain System (GCS),
EA Coin (EAG),
Ether Zero (ETZ),
Monero Original (XMO),
EmberCoin (EMB),
ORS Group (ORS),
ZenGold (ZENGOLD),
President Johnson (GARY),
President Trump (PRES),
TeslaCoilCoin (TESLA),
First Bitcoin Capital (BITCF),
Internet of Things (XOT),
WA Space (WA),
Decentralized Machine Learning (DML),
EDRCoin (EDRC),
MIRQ (MRQ),
Cropcoin (CROP),
Vcash (XVC),
Swisscoin (SIC),
Lendroid Support Token (LST),
W3Coin (W3C),
ERA (ERA),
Rupee (RUP),
Slothcoin (SLOTH),
Hyper Pay (HPY),
CORION (COR),
CryptopiaFeeShares (CEFS),
Cubits (QBT),
SIGMAcoin (SIGMA),
Animation Vision Cash (AVH),
BitSoar (BSR),
TerraNova (TER),
Protean (PRN),
Animecoin (ANI),
Arbitracoin (ATC),
Hero (HERO),
MarxCoin (MARX),
Storjcoin X (SJCX),
DynamicCoin (DMC),
Superior Coin (SUP),
UR (UR),
BigONE Token (BIG),
Cloud (CLD),
LandCoin (LDCN),
Alphabit (ABC),
Budbo (BUBO),
EtherDelta Token (EDT),
EncryptoTel [ETH] (ETT),
Francs (FRN),
BTCMoon (BTCM),
Royalties (XRY),
Bubble (BUB),
Levocoin (LEVO),
SHACoin (SHA),
HODL Bucks (HDLB),
RabbitCoin (RBBT),
NEO GOLD (NEOG),
Tattoocoin (Limited Edition) (TLE),
BT2 [CST] (BT2),
Curriculum Vitae (CVH),
GoldMaxCoin (GMX),
Tellurion (TELL),
Ethereum Lite (ELITE),
Avoncoin (ACN),
Smoke (SMOKE),
Regacoin (REGA),
CryptCoin (CRYPT),
BitSerial (BTE),
ATMCoin (ATMC),
Axiom (AXIOM),
UniversalRoyalCoin (UNRC),
First Bitcoin (BIT),
Donationcoin (DON),
Cyder (CYDER),
SuperNET (UNITY),
Sakuracoin (SKR),
Bitbase (BTBc),
GOLD Reward Token (GRX),
CoffeeCoin (CFC),
Wi Coin (WIC),
GrandCoin (GDC),
SJWCoin (SJW),
XTD Coin (XTD),
FAPcoin (FAP),
Birds (BIRDS),
Indicoin (INDI),
Hyper (HYPER),
BlazerCoin (BLAZR),
High Gain (HIGH),
ShellCoin (SHELL),
Antimatter (ANTX),
Dutch Coin (DUTCH),
Runners (RUNNERS),
AvatarCoin (AV),
RichCoin (RICHX),
Akuya Coin (AKY),
T-coin (TCOIN),
Quotient (XQN),
Aces (ACES),
Omicron (OMC),
PROUD Money (PROUD),
Minex (MINEX),
BetaCoin (BET),
KlondikeCoin (KDC),
TopCoin (TOP),
UGAIN (GAIN),
Pabyosi Coin (Special) (PCS),
ZSEcoin (ZSE),
Halloween Coin (HALLO),
Cheapcoin (CHEAP),
Huncoin (HNC),
TurboCoin (TURBO),
Aseancoin (ASN),
NamoCoin (NAMO),
Magnetcoin (MAGN),
Bastonet (BSN),
PlexCoin (PLX),
StrikeBitClub (SBC),
ACChain (ACC),
Sharkcoin (SAK),
EggCoin (EGG),
PrismChain (PRM),
Rcoin (RCN),
BioBar (BIOB),
Bitok (BITOK),
Wink (WINK),
SISA (SISA),
ENTCash (ENT),
NumusCash (NUMUS),
FCoin Token (FT),
